[{"model": "auth.permission", "pk": 1, "fields": {"name": "Can add log entry", "content_type": 1, "codename": "add_logentry"}}, {"model": "auth.permission", "pk": 2, "fields": {"name": "Can change log entry", "content_type": 1, "codename": "change_logentry"}}, {"model": "auth.permission", "pk": 3, "fields": {"name": "Can delete log entry", "content_type": 1, "codename": "delete_logentry"}}, {"model": "auth.permission", "pk": 4, "fields": {"name": "Can view log entry", "content_type": 1, "codename": "view_logentry"}}, {"model": "auth.permission", "pk": 5, "fields": {"name": "Can add permission", "content_type": 2, "codename": "add_permission"}}, {"model": "auth.permission", "pk": 6, "fields": {"name": "Can change permission", "content_type": 2, "codename": "change_permission"}}, {"model": "auth.permission", "pk": 7, "fields": {"name": "Can delete permission", "content_type": 2, "codename": "delete_permission"}}, {"model": "auth.permission", "pk": 8, "fields": {"name": "Can view permission", "content_type": 2, "codename": "view_permission"}}, {"model": "auth.permission", "pk": 9, "fields": {"name": "Can add group", "content_type": 3, "codename": "add_group"}}, {"model": "auth.permission", "pk": 10, "fields": {"name": "Can change group", "content_type": 3, "codename": "change_group"}}, {"model": "auth.permission", "pk": 11, "fields": {"name": "Can delete group", "content_type": 3, "codename": "delete_group"}}, {"model": "auth.permission", "pk": 12, "fields": {"name": "Can view group", "content_type": 3, "codename": "view_group"}}, {"model": "auth.permission", "pk": 13, "fields": {"name": "Can add user", "content_type": 4, "codename": "add_user"}}, {"model": "auth.permission", "pk": 14, "fields": {"name": "Can change user", "content_type": 4, "codename": "change_user"}}, {"model": "auth.permission", "pk": 15, "fields": {"name": "Can delete user", "content_type": 4, "codename": "delete_user"}}, {"model": "auth.permission", "pk": 16, "fields": {"name": "Can view user", "content_type": 4, "codename": "view_user"}}, {"model": "auth.permission", "pk": 17, "fields": {"name": "Can add content type", "content_type": 5, "codename": "add_contenttype"}}, {"model": "auth.permission", "pk": 18, "fields": {"name": "Can change content type", "content_type": 5, "codename": "change_contenttype"}}, {"model": "auth.permission", "pk": 19, "fields": {"name": "Can delete content type", "content_type": 5, "codename": "delete_contenttype"}}, {"model": "auth.permission", "pk": 20, "fields": {"name": "Can view content type", "content_type": 5, "codename": "view_contenttype"}}, {"model": "auth.permission", "pk": 21, "fields": {"name": "Can add session", "content_type": 6, "codename": "add_session"}}, {"model": "auth.permission", "pk": 22, "fields": {"name": "Can change session", "content_type": 6, "codename": "change_session"}}, {"model": "auth.permission", "pk": 23, "fields": {"name": "Can delete session", "content_type": 6, "codename": "delete_session"}}, {"model": "auth.permission", "pk": 24, "fields": {"name": "Can view session", "content_type": 6, "codename": "view_session"}}, {"model": "auth.permission", "pk": 25, "fields": {"name": "Can add review", "content_type": 7, "codename": "add_review"}}, {"model": "auth.permission", "pk": 26, "fields": {"name": "Can change review", "content_type": 7, "codename": "change_review"}}, {"model": "auth.permission", "pk": 27, "fields": {"name": "Can delete review", "content_type": 7, "codename": "delete_review"}}, {"model": "auth.permission", "pk": 28, "fields": {"name": "Can view review", "content_type": 7, "codename": "view_review"}}, {"model": "auth.permission", "pk": 29, "fields": {"name": "Can add profile", "content_type": 8, "codename": "add_profile"}}, {"model": "auth.permission", "pk": 30, "fields": {"name": "Can change profile", "content_type": 8, "codename": "change_profile"}}, {"model": "auth.permission", "pk": 31, "fields": {"name": "Can delete profile", "content_type": 8, "codename": "delete_profile"}}, {"model": "auth.permission", "pk": 32, "fields": {"name": "Can view profile", "content_type": 8, "codename": "view_profile"}}, {"model": "auth.permission", "pk": 33, "fields": {"name": "Can add follow", "content_type": 9, "codename": "add_follow"}}, {"model": "auth.permission", "pk": 34, "fields": {"name": "Can change follow", "content_type": 9, "codename": "change_follow"}}, {"model": "auth.permission", "pk": 35, "fields": {"name": "Can delete follow", "content_type": 9, "codename": "delete_follow"}}, {"model": "auth.permission", "pk": 36, "fields": {"name": "Can view follow", "content_type": 9, "codename": "view_follow"}}, {"model": "auth.permission", "pk": 37, "fields": {"name": "Can add site", "content_type": 10, "codename": "add_site"}}, {"model": "auth.permission", "pk": 38, "fields": {"name": "Can change site", "content_type": 10, "codename": "change_site"}}, {"model": "auth.permission", "pk": 39, "fields": {"name": "Can delete site", "content_type": 10, "codename": "delete_site"}}, {"model": "auth.permission", "pk": 40, "fields": {"name": "Can view site", "content_type": 10, "codename": "view_site"}}, {"model": "auth.permission", "pk": 41, "fields": {"name": "Can add email address", "content_type": 11, "codename": "add_emailaddress"}}, {"model": "auth.permission", "pk": 42, "fields": {"name": "Can change email address", "content_type": 11, "codename": "change_emailaddress"}}, {"model": "auth.permission", "pk": 43, "fields": {"name": "Can delete email address", "content_type": 11, "codename": "delete_emailaddress"}}, {"model": "auth.permission", "pk": 44, "fields": {"name": "Can view email address", "content_type": 11, "codename": "view_emailaddress"}}, {"model": "auth.permission", "pk": 45, "fields": {"name": "Can add email confirmation", "content_type": 12, "codename": "add_emailconfirmation"}}, {"model": "auth.permission", "pk": 46, "fields": {"name": "Can change email confirmation", "content_type": 12, "codename": "change_emailconfirmation"}}, {"model": "auth.permission", "pk": 47, "fields": {"name": "Can delete email confirmation", "content_type": 12, "codename": "delete_emailconfirmation"}}, {"model": "auth.permission", "pk": 48, "fields": {"name": "Can view email confirmation", "content_type": 12, "codename": "view_emailconfirmation"}}, {"model": "auth.permission", "pk": 49, "fields": {"name": "Can add social account", "content_type": 13, "codename": "add_socialaccount"}}, {"model": "auth.permission", "pk": 50, "fields": {"name": "Can change social account", "content_type": 13, "codename": "change_socialaccount"}}, {"model": "auth.permission", "pk": 51, "fields": {"name": "Can delete social account", "content_type": 13, "codename": "delete_socialaccount"}}, {"model": "auth.permission", "pk": 52, "fields": {"name": "Can view social account", "content_type": 13, "codename": "view_socialaccount"}}, {"model": "auth.permission", "pk": 53, "fields": {"name": "Can add social application", "content_type": 14, "codename": "add_socialapp"}}, {"model": "auth.permission", "pk": 54, "fields": {"name": "Can change social application", "content_type": 14, "codename": "change_socialapp"}}, {"model": "auth.permission", "pk": 55, "fields": {"name": "Can delete social application", "content_type": 14, "codename": "delete_socialapp"}}, {"model": "auth.permission", "pk": 56, "fields": {"name": "Can view social application", "content_type": 14, "codename": "view_socialapp"}}, {"model": "auth.permission", "pk": 57, "fields": {"name": "Can add social application token", "content_type": 15, "codename": "add_socialtoken"}}, {"model": "auth.permission", "pk": 58, "fields": {"name": "Can change social application token", "content_type": 15, "codename": "change_socialtoken"}}, {"model": "auth.permission", "pk": 59, "fields": {"name": "Can delete social application token", "content_type": 15, "codename": "delete_socialtoken"}}, {"model": "auth.permission", "pk": 60, "fields": {"name": "Can view social application token", "content_type": 15, "codename": "view_socialtoken"}}, {"model": "auth.user", "pk": 1, "fields": {"password": "pbkdf2_sha256$216000$7TpjYJ9IEa28$izsskO2n8aGAl49vIW788VeFKlegSr+OKHTLQyRfbN8=", "last_login": "2021-01-24T01:54:23.964Z", "is_superuser": false, "username": "sample1", "first_name": "", "last_name": "", "email": "katumasa0514@gmail.com", "is_staff": false, "is_active": true, "date_joined": "2021-01-24T01:54:23.788Z", "groups": [], "user_permissions": []}}, {"model": "auth.user", "pk": 2, "fields": {"password": "pbkdf2_sha256$216000$kunt9ZnR93c3$t+0W4NpWw0N+wwRc13rzqIkxx9gqWUnhr7G07vu57mc=", "last_login": "2021-01-24T03:56:25.763Z", "is_superuser": false, "username": "sample2", "first_name": "", "last_name": "", "email": "katsumasa0514@gmail.com", "is_staff": false, "is_active": true, "date_joined": "2021-01-24T03:56:25.588Z", "groups": [], "user_permissions": []}}, {"model": "auth.user", "pk": 3, "fields": {"password": "pbkdf2_sha256$216000$XYv3DKsshwfv$WWBu+Cmxxx6asyXJC71D6vucfHVIQLcF7HBhGlo0vW8=", "last_login": "2021-01-30T00:56:36.617Z", "is_superuser": false, "username": "sample3", "first_name": "", "last_name": "", "email": "a@gmail.com", "is_staff": false, "is_active": true, "date_joined": "2021-01-25T00:29:41.687Z", "groups": [], "user_permissions": []}}, {"model": "auth.user", "pk": 4, "fields": {"password": "pbkdf2_sha256$216000$bT8dZa09JuMu$O6++JpI3FDHDM/q/E7h5pA9zlhNLFc0c+l79jMvbFss=", "last_login": "2021-01-30T00:58:00.389Z", "is_superuser": false, "username": "sample4_更新済4", "first_name": "", "last_name": "", "email": "b@gmail.com", "is_staff": false, "is_active": true, "date_joined": "2021-01-25T01:43:25.467Z", "groups": [], "user_permissions": []}}, {"model": "auth.user", "pk": 5, "fields": {"password": "pbkdf2_sha256$216000$1D3yr7aFABWc$UhhkN+EYfjqaL3mBI6WOHO0VKdBl8kdbHN9qeUoPtb8=", "last_login": null, "is_superuser": false, "username": "sample5", "first_name": "", "last_name": "", "email": "c@gmail.com", "is_staff": false, "is_active": true, "date_joined": "2021-01-29T02:46:52.652Z", "groups": [], "user_permissions": []}}, {"model": "auth.user", "pk": 6, "fields": {"password": "pbkdf2_sha256$216000$8B0IRA80M1j3$Xtg4n4EyVWTjZCN1Hu1RmArm5LHohJ2ppIYrLJDuWO0=", "last_login": null, "is_superuser": false, "username": "sample6", "first_name": "", "last_name": "", "email": "d@gmail.com", "is_staff": false, "is_active": true, "date_joined": "2021-01-29T02:47:50.517Z", "groups": [], "user_permissions": []}}, {"model": "auth.user", "pk": 7, "fields": {"password": "pbkdf2_sha256$216000$0tVXjQ1jIsVV$oDnpJbjvHKDrM6sX+OIBRIFmeET/4tcoiGl+67yqZHQ=", "last_login": null, "is_superuser": false, "username": "sample7", "first_name": "", "last_name": "", "email": "e@gmail.com", "is_staff": false, "is_active": true, "date_joined": "2021-01-29T02:51:42.023Z", "groups": [], "user_permissions": []}}, {"model": "auth.user", "pk": 8, "fields": {"password": "pbkdf2_sha256$216000$aMbbkApLrp8y$i/lbjV5Ch0p5wlIGHOJEdVdfTr+DuZInTs+iVyXQKFg=", "last_login": null, "is_superuser": false, "username": "sample8", "first_name": "", "last_name": "", "email": "f@gmail.com", "is_staff": false, "is_active": true, "date_joined": "2021-01-29T02:56:52.241Z", "groups": [], "user_permissions": []}}, {"model": "auth.user", "pk": 9, "fields": {"password": "pbkdf2_sha256$216000$S5wiSlaX51Mm$Hdkwz9K79txLHOEYqfJSEn63Tz0wPwtleTf6y/CdyAg=", "last_login": "2021-01-30T00:56:16.916Z", "is_superuser": false, "username": "sample9", "first_name": "", "last_name": "", "email": "g@gmail.com", "is_staff": false, "is_active": true, "date_joined": "2021-01-29T03:05:44.512Z", "groups": [], "user_permissions": []}}, {"model": "auth.user", "pk": 10, "fields": {"password": "pbkdf2_sha256$216000$6QxnqKMaqsDG$yYAVgb/RUH30EY7JyI4fws3fFzD1MwiEd96rAc7SxI4=", "last_login": null, "is_superuser": false, "username": "sample10", "first_name": "", "last_name": "", "email": "h@gmail.com", "is_staff": false, "is_active": true, "date_joined": "2021-01-30T00:38:02.432Z", "groups": [], "user_permissions": []}}, {"model": "auth.user", "pk": 11, "fields": {"password": "pbkdf2_sha256$216000$llCkJp3wadJy$wTY8Sb8S4ZJfDgzwSk/SwFsJ5X8Ojod1J5yvIVGchVk=", "last_login": "2021-01-30T03:44:44.547Z", "is_superuser": false, "username": "sample11", "first_name": "", "last_name": "", "email": "i@gmail.com", "is_staff": false, "is_active": true, "date_joined": "2021-01-30T02:48:01.426Z", "groups": [], "user_permissions": []}}, {"model": "auth.user", "pk": 12, "fields": {"password": "pbkdf2_sha256$216000$gw5aqLRlTCU9$y/UoNioz6b+Fjg5np/nlTh+o/sRyMOXBnzV5O24XZOs=", "last_login": "2021-01-30T09:59:35.752Z", "is_superuser": false, "username": "sample12", "first_name": "", "last_name": "", "email": "j@gmail.com", "is_staff": false, "is_active": true, "date_joined": "2021-01-30T02:53:08.051Z", "groups": [], "user_permissions": []}}, {"model": "auth.user", "pk": 13, "fields": {"password": "", "last_login": null, "is_superuser": false, "username": "伊藤 舞", "first_name": "", "last_name": "", "email": "yoshidasotaro@gmail.com", "is_staff": false, "is_active": true, "date_joined": "2021-01-31T03:23:18.055Z", "groups": [], "user_permissions": []}}, {"model": "auth.user", "pk": 14, "fields": {"password": "", "last_login": null, "is_superuser": false, "username": "岡田 裕樹", "first_name": "", "last_name": "", "email": "ryohei64@mori.org", "is_staff": false, "is_active": true, "date_joined": "2021-01-31T03:25:39.133Z", "groups": [], "user_permissions": []}}, {"model": "auth.user", "pk": 15, "fields": {"password": "", "last_login": null, "is_superuser": false, "username": "岡本 淳", "first_name": "", "last_name": "", "email": "yosukeyamamoto@ota.jp", "is_staff": false, "is_active": true, "date_joined": "2021-01-31T03:29:18.308Z", "groups": [], "user_permissions": []}}, {"model": "auth.user", "pk": 16, "fields": {"password": "", "last_login": null, "is_superuser": false, "username": "佐藤 明美", "first_name": "", "last_name": "", "email": "", "is_staff": false, "is_active": true, "date_joined": "2021-01-31T03:29:51.135Z", "groups": [], "user_permissions": []}}, {"model": "auth.user", "pk": 17, "fields": {"password": "pbkdf2_sha256$216000$p2DAVFmZTroB$Bni1uMfS07F32r4ujiAj/GDzQQ5oJLXBKdj3d5yWynE=", "last_login": null, "is_superuser": false, "username": "斎藤 淳", "first_name": "", "last_name": "", "email": "yamadachiyo@gmail.com", "is_staff": false, "is_active": true, "date_joined": "2021-01-31T03:30:19.930Z", "groups": [], "user_permissions": []}}, {"model": "auth.user", "pk": 18, "fields": {"password": "", "last_login": null, "is_superuser": false, "username": "福田 香織", "first_name": "", "last_name": "", "email": "yutakobayashi@nakamura.net", "is_staff": false, "is_active": true, "date_joined": "2021-01-31T03:58:03.081Z", "groups": [], "user_permissions": []}}, {"model": "auth.user", "pk": 19, "fields": {"password": "pbkdf2_sha256$216000$Hgvvvc0rRhGS$Y4wgRHqpOD6Bz34YCyTaKeR1SppmBm0SzsLGkGJODck=", "last_login": null, "is_superuser": false, "username": "木村 翔太", "first_name": "", "last_name": "", "email": "takahashitakuma@hotmail.com", "is_staff": false, "is_active": true, "date_joined": "2021-01-31T03:58:19.869Z", "groups": [], "user_permissions": []}}, {"model": "contenttypes.contenttype", "pk": 1, "fields": {"app_label": "admin", "model": "logentry"}}, {"model": "contenttypes.contenttype", "pk": 2, "fields": {"app_label": "auth", "model": "permission"}}, {"model": "contenttypes.contenttype", "pk": 3, "fields": {"app_label": "auth", "model": "group"}}, {"model": "contenttypes.contenttype", "pk": 4, "fields": {"app_label": "auth", "model": "user"}}, {"model": "contenttypes.contenttype", "pk": 5, "fields": {"app_label": "contenttypes", "model": "contenttype"}}, {"model": "contenttypes.contenttype", "pk": 6, "fields": {"app_label": "sessions", "model": "session"}}, {"model": "contenttypes.contenttype", "pk": 7, "fields": {"app_label": "movieist", "model": "review"}}, {"model": "contenttypes.contenttype", "pk": 8, "fields": {"app_label": "movieist", "model": "profile"}}, {"model": "contenttypes.contenttype", "pk": 9, "fields": {"app_label": "movieist", "model": "follow"}}, {"model": "contenttypes.contenttype", "pk": 10, "fields": {"app_label": "sites", "model": "site"}}, {"model": "contenttypes.contenttype", "pk": 11, "fields": {"app_label": "account", "model": "emailaddress"}}, {"model": "contenttypes.contenttype", "pk": 12, "fields": {"app_label": "account", "model": "emailconfirmation"}}, {"model": "contenttypes.contenttype", "pk": 13, "fields": {"app_label": "socialaccount", "model": "socialaccount"}}, {"model": "contenttypes.contenttype", "pk": 14, "fields": {"app_label": "socialaccount", "model": "socialapp"}}, {"model": "contenttypes.contenttype", "pk": 15, "fields": {"app_label": "socialaccount", "model": "socialtoken"}}, {"model": "sessions.session", "pk": "1a90bpad0kfmoo4flyos2o8s94edk3y2", "fields": {"session_data": "e30:1l5eYi:lpg7LCcrC10UAKL3FrV7j77wFvbHYq2werdM3ZJFs_8", "expire_date": "2021-02-13T00:56:16.906Z"}}, {"model": "sessions.session", "pk": "57x9hvczh6nyn1pyqicvspcdv5i2kb4o", "fields": {"session_data": ".eJxVjcsOwiAQRf-FtWl4lYHu9EeacYCU2FBTaKIx_rvFdKHL-zr3xUbc6jRuJaxj8mxgQrLTr3lFuoXcEpznZndItGy5dt_OEZfuvKuQayKsacmXY_WHmrBMjUNRayetlj1XgBx4FEL3AqST5CM467n2JI2iHoJ11hijlEUACBG8aNASStlvxvC4p_XJBv7-AJucQoE:1l5n2V:0s7ATrDOQFvYncWZMI1qkLdGumigWXLnH9Evwix-GtU", "expire_date": "2021-02-13T09:59:35.761Z"}}, {"model": "movieist.profile", "pk": 1, "fields": {"user": 1, "userPic": "https://drive.google.com/file/d/1q-7ho_qbNDOtM5pj5FEWPNFWfVzeg4lt/view?usp=sharing", "userComment": "コメントがありません"}}, {"model": "movieist.profile", "pk": 2, "fields": {"user": 2, "userPic": "documents/default_image1.png", "userComment": "コメントがありません"}}, {"model": "movieist.profile", "pk": 3, "fields": {"user": 3, "userPic": "movieist/media/documents/default_image1.png", "userComment": "コメントがありません"}}, {"model": "movieist.profile", "pk": 4, "fields": {"user": 4, "userPic": "documents/3221848_l.jpg", "userComment": "コメントを更新したよ4"}}, {"model": "movieist.profile", "pk": 5, "fields": {"user": 5, "userPic": "documents/default_image1.png", "userComment": "コメントがありません"}}, {"model": "movieist.profile", "pk": 6, "fields": {"user": 6, "userPic": "documents/default_image1.png", "userComment": "コメントがありません"}}, {"model": "movieist.profile", "pk": 7, "fields": {"user": 7, "userPic": "documents/default_image1.png", "userComment": "コメントがありません"}}, {"model": "movieist.profile", "pk": 8, "fields": {"user": 8, "userPic": "documents/default_image1.png", "userComment": "コメントがありません"}}, {"model": "movieist.profile", "pk": 9, "fields": {"user": 10, "userPic": "documents/default_image1.png", "userComment": "コメントがありません"}}, {"model": "movieist.profile", "pk": 10, "fields": {"user": 11, "userPic": "documents/default_image1.png", "userComment": "コメントがありません"}}, {"model": "movieist.profile", "pk": 11, "fields": {"user": 12, "userPic": "documents/default_image1.png", "userComment": "コメントがありません"}}, {"model": "movieist.profile", "pk": 12, "fields": {"user": 13, "userPic": "documents/default_image1.png", "userComment": "コメントがありません"}}, {"model": "movieist.profile", "pk": 13, "fields": {"user": 14, "userPic": "documents/default_image1.png", "userComment": "コメントがありません"}}, {"model": "movieist.profile", "pk": 14, "fields": {"user": 15, "userPic": "documents/default_image1.png", "userComment": "コメントがありません"}}, {"model": "movieist.profile", "pk": 15, "fields": {"user": 16, "userPic": "documents/default_image1.png", "userComment": "コメントがありません"}}, {"model": "movieist.profile", "pk": 16, "fields": {"user": 17, "userPic": "documents/default_image1.png", "userComment": "コメントがありません"}}, {"model": "movieist.profile", "pk": 17, "fields": {"user": 18, "userPic": "documents/default_image1.png", "userComment": "コメントがありません"}}, {"model": "movieist.profile", "pk": 18, "fields": {"user": 19, "userPic": "documents/default_image1.png", "userComment": "コメントがありません"}}, {"model": "movieist.review", "pk": 1, "fields": {"owner": 1, "commentTitle": "コメントタイトルです", "comment": "コメントです", "movie_id": 152601, "good": 0, "bad": 0, "star": "0.0"}}, {"model": "movieist.review", "pk": 2, "fields": {"owner": 1, "commentTitle": "コメントタイトルです２", "comment": "コメントです２", "movie_id": 505192, "good": 0, "bad": 0, "star": "0.0"}}, {"model": "movieist.review", "pk": 3, "fields": {"owner": 1, "commentTitle": "コメントタイトルです5", "comment": "コメントです５", "movie_id": 370663, "good": 0, "bad": 0, "star": "5.0"}}, {"model": "movieist.review", "pk": 4, "fields": {"owner": 2, "commentTitle": "koko1", "comment": "koko1", "movie_id": 152601, "good": 0, "bad": 0, "star": "5.0"}}, {"model": "movieist.review", "pk": 5, "fields": {"owner": 4, "commentTitle": "lala", "comment": "lala", "movie_id": 520679, "good": 0, "bad": 0, "star": "4.5"}}, {"model": "movieist.review", "pk": 6, "fields": {"owner": 4, "commentTitle": "コメントタイトルです２", "comment": "コメントです２", "movie_id": 296096, "good": 0, "bad": 0, "star": "4.5"}}, {"model": "movieist.review", "pk": 7, "fields": {"owner": 4, "commentTitle": "owner", "comment": "owner", "movie_id": 505192, "good": 0, "bad": 0, "star": "4.5"}}, {"model": "movieist.review", "pk": 8, "fields": {"owner": 4, "commentTitle": "owner2", "comment": "owner2", "movie_id": 505192, "good": 0, "bad": 0, "star": "4.5"}}, {"model": "movieist.follow", "pk": 1, "fields": {"owner": 11, "following": 0, "follower": 0}}, {"model": "movieist.follow", "pk": 2, "fields": {"owner": 12, "following": null, "follower": null}}, {"model": "movieist.follow", "pk": 3, "fields": {"owner": 13, "following": null, "follower": null}}, {"model": "movieist.follow", "pk": 4, "fields": {"owner": 14, "following": null, "follower": null}}, {"model": "movieist.follow", "pk": 5, "fields": {"owner": 15, "following": null, "follower": null}}, {"model": "movieist.follow", "pk": 6, "fields": {"owner": 16, "following": null, "follower": null}}, {"model": "movieist.follow", "pk": 7, "fields": {"owner": 17, "following": null, "follower": null}}, {"model": "movieist.follow", "pk": 8, "fields": {"owner": 18, "following": null, "follower": null}}, {"model": "movieist.follow", "pk": 9, "fields": {"owner": 19, "following": null, "follower": null}}, {"model": "sites.site", "pk": 1, "fields": {"domain": "example.com", "name": "example.com"}}, {"model": "account.emailaddress", "pk": 1, "fields": {"user": 1, "email": "katumasa0514@gmail.com", "verified": false, "primary": true}}, {"model": "account.emailaddress", "pk": 2, "fields": {"user": 2, "email": "katsumasa0514@gmail.com", "verified": false, "primary": true}}, {"model": "account.emailaddress", "pk": 3, "fields": {"user": 3, "email": "a@gmail.com", "verified": false, "primary": true}}, {"model": "account.emailaddress", "pk": 4, "fields": {"user": 4, "email": "b@gmail.com", "verified": false, "primary": true}}, {"model": "account.emailaddress", "pk": 5, "fields": {"user": 11, "email": "i@gmail.com", "verified": false, "primary": true}}, {"model": "account.emailaddress", "pk": 6, "fields": {"user": 12, "email": "j@gmail.com", "verified": false, "primary": true}}]