-- MySQL dump 10.13  Distrib 8.0.22, for osx10.15 (x86_64)
--
-- Host: localhost    Database: movieist
-- ------------------------------------------------------
-- Server version	8.0.22

/*!40101 SET @OLD_CHARACTER_SET_CLIENT=@@CHARACTER_SET_CLIENT */;
/*!40101 SET @OLD_CHARACTER_SET_RESULTS=@@CHARACTER_SET_RESULTS */;
/*!40101 SET @OLD_COLLATION_CONNECTION=@@COLLATION_CONNECTION */;
/*!50503 SET NAMES utf8mb4 */;
/*!40103 SET @OLD_TIME_ZONE=@@TIME_ZONE */;
/*!40103 SET TIME_ZONE='+00:00' */;
/*!40014 SET @OLD_UNIQUE_CHECKS=@@UNIQUE_CHECKS, UNIQUE_CHECKS=0 */;
/*!40014 SET @OLD_FOREIGN_KEY_CHECKS=@@FOREIGN_KEY_CHECKS, FOREIGN_KEY_CHECKS=0 */;
/*!40101 SET @OLD_SQL_MODE=@@SQL_MODE, SQL_MODE='NO_AUTO_VALUE_ON_ZERO' */;
/*!40111 SET @OLD_SQL_NOTES=@@SQL_NOTES, SQL_NOTES=0 */;

--
-- Table structure for table `account_emailaddress`
--

DROP TABLE IF EXISTS `account_emailaddress`;
/*!40101 SET @saved_cs_client     = @@character_set_client */;
/*!50503 SET character_set_client = utf8mb4 */;
CREATE TABLE `account_emailaddress` (
  `id` int NOT NULL AUTO_INCREMENT,
  `email` varchar(254) NOT NULL,
  `verified` tinyint(1) NOT NULL,
  `primary` tinyint(1) NOT NULL,
  `user_id` int NOT NULL,
  PRIMARY KEY (`id`),
  UNIQUE KEY `email` (`email`),
  KEY `account_emailaddress_user_id_2c513194_fk_auth_user_id` (`user_id`),
  CONSTRAINT `account_emailaddress_user_id_2c513194_fk_auth_user_id` FOREIGN KEY (`user_id`) REFERENCES `auth_user` (`id`)
) ENGINE=InnoDB AUTO_INCREMENT=4 DEFAULT CHARSET=utf8mb4 COLLATE=utf8mb4_0900_ai_ci;
/*!40101 SET character_set_client = @saved_cs_client */;

--
-- Dumping data for table `account_emailaddress`
--

LOCK TABLES `account_emailaddress` WRITE;
/*!40000 ALTER TABLE `account_emailaddress` DISABLE KEYS */;
INSERT INTO `account_emailaddress` VALUES (1,'katumasa0514@gmail.com',0,1,1),(2,'katsumasa0514@gmail.com',0,1,2),(3,'a@gmail.com',0,1,3);
/*!40000 ALTER TABLE `account_emailaddress` ENABLE KEYS */;
UNLOCK TABLES;

--
-- Table structure for table `account_emailconfirmation`
--

DROP TABLE IF EXISTS `account_emailconfirmation`;
/*!40101 SET @saved_cs_client     = @@character_set_client */;
/*!50503 SET character_set_client = utf8mb4 */;
CREATE TABLE `account_emailconfirmation` (
  `id` int NOT NULL AUTO_INCREMENT,
  `created` datetime(6) NOT NULL,
  `sent` datetime(6) DEFAULT NULL,
  `key` varchar(64) NOT NULL,
  `email_address_id` int NOT NULL,
  PRIMARY KEY (`id`),
  UNIQUE KEY `key` (`key`),
  KEY `account_emailconfirm_email_address_id_5b7f8c58_fk_account_e` (`email_address_id`),
  CONSTRAINT `account_emailconfirm_email_address_id_5b7f8c58_fk_account_e` FOREIGN KEY (`email_address_id`) REFERENCES `account_emailaddress` (`id`)
) ENGINE=InnoDB DEFAULT CHARSET=utf8mb4 COLLATE=utf8mb4_0900_ai_ci;
/*!40101 SET character_set_client = @saved_cs_client */;

--
-- Dumping data for table `account_emailconfirmation`
--

LOCK TABLES `account_emailconfirmation` WRITE;
/*!40000 ALTER TABLE `account_emailconfirmation` DISABLE KEYS */;
/*!40000 ALTER TABLE `account_emailconfirmation` ENABLE KEYS */;
UNLOCK TABLES;

--
-- Table structure for table `auth_group`
--

DROP TABLE IF EXISTS `auth_group`;
/*!40101 SET @saved_cs_client     = @@character_set_client */;
/*!50503 SET character_set_client = utf8mb4 */;
CREATE TABLE `auth_group` (
  `id` int NOT NULL AUTO_INCREMENT,
  `name` varchar(150) NOT NULL,
  PRIMARY KEY (`id`),
  UNIQUE KEY `name` (`name`)
) ENGINE=InnoDB DEFAULT CHARSET=utf8mb4 COLLATE=utf8mb4_0900_ai_ci;
/*!40101 SET character_set_client = @saved_cs_client */;

--
-- Dumping data for table `auth_group`
--

LOCK TABLES `auth_group` WRITE;
/*!40000 ALTER TABLE `auth_group` DISABLE KEYS */;
/*!40000 ALTER TABLE `auth_group` ENABLE KEYS */;
UNLOCK TABLES;

--
-- Table structure for table `auth_group_permissions`
--

DROP TABLE IF EXISTS `auth_group_permissions`;
/*!40101 SET @saved_cs_client     = @@character_set_client */;
/*!50503 SET character_set_client = utf8mb4 */;
CREATE TABLE `auth_group_permissions` (
  `id` int NOT NULL AUTO_INCREMENT,
  `group_id` int NOT NULL,
  `permission_id` int NOT NULL,
  PRIMARY KEY (`id`),
  UNIQUE KEY `auth_group_permissions_group_id_permission_id_0cd325b0_uniq` (`group_id`,`permission_id`),
  KEY `auth_group_permissio_permission_id_84c5c92e_fk_auth_perm` (`permission_id`),
  CONSTRAINT `auth_group_permissio_permission_id_84c5c92e_fk_auth_perm` FOREIGN KEY (`permission_id`) REFERENCES `auth_permission` (`id`),
  CONSTRAINT `auth_group_permissions_group_id_b120cbf9_fk_auth_group_id` FOREIGN KEY (`group_id`) REFERENCES `auth_group` (`id`)
) ENGINE=InnoDB DEFAULT CHARSET=utf8mb4 COLLATE=utf8mb4_0900_ai_ci;
/*!40101 SET character_set_client = @saved_cs_client */;

--
-- Dumping data for table `auth_group_permissions`
--

LOCK TABLES `auth_group_permissions` WRITE;
/*!40000 ALTER TABLE `auth_group_permissions` DISABLE KEYS */;
/*!40000 ALTER TABLE `auth_group_permissions` ENABLE KEYS */;
UNLOCK TABLES;

--
-- Table structure for table `auth_permission`
--

DROP TABLE IF EXISTS `auth_permission`;
/*!40101 SET @saved_cs_client     = @@character_set_client */;
/*!50503 SET character_set_client = utf8mb4 */;
CREATE TABLE `auth_permission` (
  `id` int NOT NULL AUTO_INCREMENT,
  `name` varchar(255) NOT NULL,
  `content_type_id` int NOT NULL,
  `codename` varchar(100) NOT NULL,
  PRIMARY KEY (`id`),
  UNIQUE KEY `auth_permission_content_type_id_codename_01ab375a_uniq` (`content_type_id`,`codename`),
  CONSTRAINT `auth_permission_content_type_id_2f476e4b_fk_django_co` FOREIGN KEY (`content_type_id`) REFERENCES `django_content_type` (`id`)
) ENGINE=InnoDB AUTO_INCREMENT=53 DEFAULT CHARSET=utf8mb4 COLLATE=utf8mb4_0900_ai_ci;
/*!40101 SET character_set_client = @saved_cs_client */;

--
-- Dumping data for table `auth_permission`
--

LOCK TABLES `auth_permission` WRITE;
/*!40000 ALTER TABLE `auth_permission` DISABLE KEYS */;
INSERT INTO `auth_permission` VALUES (1,'Can add log entry',1,'add_logentry'),(2,'Can change log entry',1,'change_logentry'),(3,'Can delete log entry',1,'delete_logentry'),(4,'Can view log entry',1,'view_logentry'),(5,'Can add permission',2,'add_permission'),(6,'Can change permission',2,'change_permission'),(7,'Can delete permission',2,'delete_permission'),(8,'Can view permission',2,'view_permission'),(9,'Can add group',3,'add_group'),(10,'Can change group',3,'change_group'),(11,'Can delete group',3,'delete_group'),(12,'Can view group',3,'view_group'),(13,'Can add user',4,'add_user'),(14,'Can change user',4,'change_user'),(15,'Can delete user',4,'delete_user'),(16,'Can view user',4,'view_user'),(17,'Can add content type',5,'add_contenttype'),(18,'Can change content type',5,'change_contenttype'),(19,'Can delete content type',5,'delete_contenttype'),(20,'Can view content type',5,'view_contenttype'),(21,'Can add session',6,'add_session'),(22,'Can change session',6,'change_session'),(23,'Can delete session',6,'delete_session'),(24,'Can view session',6,'view_session'),(25,'Can add search',7,'add_search'),(26,'Can change search',7,'change_search'),(27,'Can delete search',7,'delete_search'),(28,'Can view search',7,'view_search'),(29,'Can add site',8,'add_site'),(30,'Can change site',8,'change_site'),(31,'Can delete site',8,'delete_site'),(32,'Can view site',8,'view_site'),(33,'Can add email address',9,'add_emailaddress'),(34,'Can change email address',9,'change_emailaddress'),(35,'Can delete email address',9,'delete_emailaddress'),(36,'Can view email address',9,'view_emailaddress'),(37,'Can add email confirmation',10,'add_emailconfirmation'),(38,'Can change email confirmation',10,'change_emailconfirmation'),(39,'Can delete email confirmation',10,'delete_emailconfirmation'),(40,'Can view email confirmation',10,'view_emailconfirmation'),(41,'Can add social account',11,'add_socialaccount'),(42,'Can change social account',11,'change_socialaccount'),(43,'Can delete social account',11,'delete_socialaccount'),(44,'Can view social account',11,'view_socialaccount'),(45,'Can add social application',12,'add_socialapp'),(46,'Can change social application',12,'change_socialapp'),(47,'Can delete social application',12,'delete_socialapp'),(48,'Can view social application',12,'view_socialapp'),(49,'Can add social application token',13,'add_socialtoken'),(50,'Can change social application token',13,'change_socialtoken'),(51,'Can delete social application token',13,'delete_socialtoken'),(52,'Can view social application token',13,'view_socialtoken');
/*!40000 ALTER TABLE `auth_permission` ENABLE KEYS */;
UNLOCK TABLES;

--
-- Table structure for table `auth_user`
--

DROP TABLE IF EXISTS `auth_user`;
/*!40101 SET @saved_cs_client     = @@character_set_client */;
/*!50503 SET character_set_client = utf8mb4 */;
CREATE TABLE `auth_user` (
  `id` int NOT NULL AUTO_INCREMENT,
  `password` varchar(128) NOT NULL,
  `last_login` datetime(6) DEFAULT NULL,
  `is_superuser` tinyint(1) NOT NULL,
  `username` varchar(150) NOT NULL,
  `first_name` varchar(150) NOT NULL,
  `last_name` varchar(150) NOT NULL,
  `email` varchar(254) NOT NULL,
  `is_staff` tinyint(1) NOT NULL,
  `is_active` tinyint(1) NOT NULL,
  `date_joined` datetime(6) NOT NULL,
  PRIMARY KEY (`id`),
  UNIQUE KEY `username` (`username`)
) ENGINE=InnoDB AUTO_INCREMENT=4 DEFAULT CHARSET=utf8mb4 COLLATE=utf8mb4_0900_ai_ci;
/*!40101 SET character_set_client = @saved_cs_client */;

--
-- Dumping data for table `auth_user`
--

LOCK TABLES `auth_user` WRITE;
/*!40000 ALTER TABLE `auth_user` DISABLE KEYS */;
INSERT INTO `auth_user` VALUES (1,'pbkdf2_sha256$216000$6Zn0nuaCJDb0$cy6xYnAztgJjRXgntkfgK5wLbWR8jvEygFEbcsjLPvE=','2020-12-23 03:26:45.147975',0,'sample1','','','katumasa0514@gmail.com',0,1,'2020-12-23 02:55:42.176110'),(2,'pbkdf2_sha256$216000$xcDlRvaaw0gp$aScKs2wYu+9tQV8HJD/b/4p8OlnyKieojLURM0gOuuA=','2020-12-24 01:35:13.381932',0,'katsumasa0514','','','katsumasa0514@gmail.com',0,1,'2020-12-24 00:58:20.395125'),(3,'pbkdf2_sha256$216000$f4C2NMquPReq$o323GceK8Vep8BpE84xIXE/UjTvetJtUD23uPr+4qPs=','2020-12-24 03:59:45.077283',0,'sample2','','','a@gmail.com',0,1,'2020-12-24 03:59:44.888941');
/*!40000 ALTER TABLE `auth_user` ENABLE KEYS */;
UNLOCK TABLES;

--
-- Table structure for table `auth_user_groups`
--

DROP TABLE IF EXISTS `auth_user_groups`;
/*!40101 SET @saved_cs_client     = @@character_set_client */;
/*!50503 SET character_set_client = utf8mb4 */;
CREATE TABLE `auth_user_groups` (
  `id` int NOT NULL AUTO_INCREMENT,
  `user_id` int NOT NULL,
  `group_id` int NOT NULL,
  PRIMARY KEY (`id`),
  UNIQUE KEY `auth_user_groups_user_id_group_id_94350c0c_uniq` (`user_id`,`group_id`),
  KEY `auth_user_groups_group_id_97559544_fk_auth_group_id` (`group_id`),
  CONSTRAINT `auth_user_groups_group_id_97559544_fk_auth_group_id` FOREIGN KEY (`group_id`) REFERENCES `auth_group` (`id`),
  CONSTRAINT `auth_user_groups_user_id_6a12ed8b_fk_auth_user_id` FOREIGN KEY (`user_id`) REFERENCES `auth_user` (`id`)
) ENGINE=InnoDB DEFAULT CHARSET=utf8mb4 COLLATE=utf8mb4_0900_ai_ci;
/*!40101 SET character_set_client = @saved_cs_client */;

--
-- Dumping data for table `auth_user_groups`
--

LOCK TABLES `auth_user_groups` WRITE;
/*!40000 ALTER TABLE `auth_user_groups` DISABLE KEYS */;
/*!40000 ALTER TABLE `auth_user_groups` ENABLE KEYS */;
UNLOCK TABLES;

--
-- Table structure for table `auth_user_user_permissions`
--

DROP TABLE IF EXISTS `auth_user_user_permissions`;
/*!40101 SET @saved_cs_client     = @@character_set_client */;
/*!50503 SET character_set_client = utf8mb4 */;
CREATE TABLE `auth_user_user_permissions` (
  `id` int NOT NULL AUTO_INCREMENT,
  `user_id` int NOT NULL,
  `permission_id` int NOT NULL,
  PRIMARY KEY (`id`),
  UNIQUE KEY `auth_user_user_permissions_user_id_permission_id_14a6b632_uniq` (`user_id`,`permission_id`),
  KEY `auth_user_user_permi_permission_id_1fbb5f2c_fk_auth_perm` (`permission_id`),
  CONSTRAINT `auth_user_user_permi_permission_id_1fbb5f2c_fk_auth_perm` FOREIGN KEY (`permission_id`) REFERENCES `auth_permission` (`id`),
  CONSTRAINT `auth_user_user_permissions_user_id_a95ead1b_fk_auth_user_id` FOREIGN KEY (`user_id`) REFERENCES `auth_user` (`id`)
) ENGINE=InnoDB DEFAULT CHARSET=utf8mb4 COLLATE=utf8mb4_0900_ai_ci;
/*!40101 SET character_set_client = @saved_cs_client */;

--
-- Dumping data for table `auth_user_user_permissions`
--

LOCK TABLES `auth_user_user_permissions` WRITE;
/*!40000 ALTER TABLE `auth_user_user_permissions` DISABLE KEYS */;
/*!40000 ALTER TABLE `auth_user_user_permissions` ENABLE KEYS */;
UNLOCK TABLES;

--
-- Table structure for table `django_admin_log`
--

DROP TABLE IF EXISTS `django_admin_log`;
/*!40101 SET @saved_cs_client     = @@character_set_client */;
/*!50503 SET character_set_client = utf8mb4 */;
CREATE TABLE `django_admin_log` (
  `id` int NOT NULL AUTO_INCREMENT,
  `action_time` datetime(6) NOT NULL,
  `object_id` longtext,
  `object_repr` varchar(200) NOT NULL,
  `action_flag` smallint unsigned NOT NULL,
  `change_message` longtext NOT NULL,
  `content_type_id` int DEFAULT NULL,
  `user_id` int NOT NULL,
  PRIMARY KEY (`id`),
  KEY `django_admin_log_content_type_id_c4bce8eb_fk_django_co` (`content_type_id`),
  KEY `django_admin_log_user_id_c564eba6_fk_auth_user_id` (`user_id`),
  CONSTRAINT `django_admin_log_content_type_id_c4bce8eb_fk_django_co` FOREIGN KEY (`content_type_id`) REFERENCES `django_content_type` (`id`),
  CONSTRAINT `django_admin_log_user_id_c564eba6_fk_auth_user_id` FOREIGN KEY (`user_id`) REFERENCES `auth_user` (`id`),
  CONSTRAINT `django_admin_log_chk_1` CHECK ((`action_flag` >= 0))
) ENGINE=InnoDB DEFAULT CHARSET=utf8mb4 COLLATE=utf8mb4_0900_ai_ci;
/*!40101 SET character_set_client = @saved_cs_client */;

--
-- Dumping data for table `django_admin_log`
--

LOCK TABLES `django_admin_log` WRITE;
/*!40000 ALTER TABLE `django_admin_log` DISABLE KEYS */;
/*!40000 ALTER TABLE `django_admin_log` ENABLE KEYS */;
UNLOCK TABLES;

--
-- Table structure for table `django_content_type`
--

DROP TABLE IF EXISTS `django_content_type`;
/*!40101 SET @saved_cs_client     = @@character_set_client */;
/*!50503 SET character_set_client = utf8mb4 */;
CREATE TABLE `django_content_type` (
  `id` int NOT NULL AUTO_INCREMENT,
  `app_label` varchar(100) NOT NULL,
  `model` varchar(100) NOT NULL,
  PRIMARY KEY (`id`),
  UNIQUE KEY `django_content_type_app_label_model_76bd3d3b_uniq` (`app_label`,`model`)
) ENGINE=InnoDB AUTO_INCREMENT=14 DEFAULT CHARSET=utf8mb4 COLLATE=utf8mb4_0900_ai_ci;
/*!40101 SET character_set_client = @saved_cs_client */;

--
-- Dumping data for table `django_content_type`
--

LOCK TABLES `django_content_type` WRITE;
/*!40000 ALTER TABLE `django_content_type` DISABLE KEYS */;
INSERT INTO `django_content_type` VALUES (9,'account','emailaddress'),(10,'account','emailconfirmation'),(1,'admin','logentry'),(3,'auth','group'),(2,'auth','permission'),(4,'auth','user'),(5,'contenttypes','contenttype'),(7,'movieist','search'),(6,'sessions','session'),(8,'sites','site'),(11,'socialaccount','socialaccount'),(12,'socialaccount','socialapp'),(13,'socialaccount','socialtoken');
/*!40000 ALTER TABLE `django_content_type` ENABLE KEYS */;
UNLOCK TABLES;

--
-- Table structure for table `django_migrations`
--

DROP TABLE IF EXISTS `django_migrations`;
/*!40101 SET @saved_cs_client     = @@character_set_client */;
/*!50503 SET character_set_client = utf8mb4 */;
CREATE TABLE `django_migrations` (
  `id` int NOT NULL AUTO_INCREMENT,
  `app` varchar(255) NOT NULL,
  `name` varchar(255) NOT NULL,
  `applied` datetime(6) NOT NULL,
  PRIMARY KEY (`id`)
) ENGINE=InnoDB AUTO_INCREMENT=27 DEFAULT CHARSET=utf8mb4 COLLATE=utf8mb4_0900_ai_ci;
/*!40101 SET character_set_client = @saved_cs_client */;

--
-- Dumping data for table `django_migrations`
--

LOCK TABLES `django_migrations` WRITE;
/*!40000 ALTER TABLE `django_migrations` DISABLE KEYS */;
INSERT INTO `django_migrations` VALUES (1,'contenttypes','0001_initial','2020-12-18 02:59:51.051862'),(2,'auth','0001_initial','2020-12-18 02:59:51.183980'),(3,'admin','0001_initial','2020-12-18 02:59:51.448299'),(4,'admin','0002_logentry_remove_auto_add','2020-12-18 02:59:51.528524'),(5,'admin','0003_logentry_add_action_flag_choices','2020-12-18 02:59:51.543943'),(6,'contenttypes','0002_remove_content_type_name','2020-12-18 02:59:51.636416'),(7,'auth','0002_alter_permission_name_max_length','2020-12-18 02:59:51.682819'),(8,'auth','0003_alter_user_email_max_length','2020-12-18 02:59:51.723408'),(9,'auth','0004_alter_user_username_opts','2020-12-18 02:59:51.736931'),(10,'auth','0005_alter_user_last_login_null','2020-12-18 02:59:51.782175'),(11,'auth','0006_require_contenttypes_0002','2020-12-18 02:59:51.785493'),(12,'auth','0007_alter_validators_add_error_messages','2020-12-18 02:59:51.797026'),(13,'auth','0008_alter_user_username_max_length','2020-12-18 02:59:51.867153'),(14,'auth','0009_alter_user_last_name_max_length','2020-12-18 02:59:51.914728'),(15,'auth','0010_alter_group_name_max_length','2020-12-18 02:59:51.944747'),(16,'auth','0011_update_proxy_permissions','2020-12-18 02:59:51.958687'),(17,'auth','0012_alter_user_first_name_max_length','2020-12-18 02:59:52.020351'),(18,'movieist','0001_initial','2020-12-18 02:59:52.052196'),(19,'sessions','0001_initial','2020-12-18 02:59:52.077376'),(20,'account','0001_initial','2020-12-23 02:30:13.502266'),(21,'account','0002_email_max_length','2020-12-23 02:30:13.791035'),(22,'sites','0001_initial','2020-12-23 02:30:13.831691'),(23,'sites','0002_alter_domain_unique','2020-12-23 02:30:13.881492'),(24,'socialaccount','0001_initial','2020-12-23 02:30:14.135644'),(25,'socialaccount','0002_token_max_lengths','2020-12-23 02:30:14.554676'),(26,'socialaccount','0003_extra_data_default_dict','2020-12-23 02:30:14.591185');
/*!40000 ALTER TABLE `django_migrations` ENABLE KEYS */;
UNLOCK TABLES;

--
-- Table structure for table `django_session`
--

DROP TABLE IF EXISTS `django_session`;
/*!40101 SET @saved_cs_client     = @@character_set_client */;
/*!50503 SET character_set_client = utf8mb4 */;
CREATE TABLE `django_session` (
  `session_key` varchar(40) NOT NULL,
  `session_data` longtext NOT NULL,
  `expire_date` datetime(6) NOT NULL,
  PRIMARY KEY (`session_key`),
  KEY `django_session_expire_date_a5c62663` (`expire_date`)
) ENGINE=InnoDB DEFAULT CHARSET=utf8mb4 COLLATE=utf8mb4_0900_ai_ci;
/*!40101 SET character_set_client = @saved_cs_client */;

--
-- Dumping data for table `django_session`
--

LOCK TABLES `django_session` WRITE;
/*!40000 ALTER TABLE `django_session` DISABLE KEYS */;
INSERT INTO `django_session` VALUES ('3ufyldd8a99xlo1k3yyny2cg5fj3fkdf','.eJxVjMEKwjAQRP8lZwlZujXZHr37DSHpbm1UEmlaUMR_t4Ue9DQw8-a9lQ_LPPqlyuQTq06BOvx2MfQ3ydvA15AvRfclz1OKekP0vlZ9Liz3087-CcZQx_WNaMiZNsgQDUlzFCAAa1x0tAYAcj84y8TOSoOADVJkDAAtuGiRNmmVWlPJXp6PNL1UZz5fRI89zA:1krunV:xSA7ji0lXaJCGZCNeFBxOqJxtEOthw2TIYB-kbHDr6w','2021-01-06 03:26:45.161041'),('g6m1ts81tlhab2pctv2yctuaknmy79gh','.eJxVjMsOwiAURP-FtWluQV7d6Y-QC1xSItLEghvjv9uabrqcMzPnwzCEpdfm3vTKKVN09MRc2FR7KRfmsLfZ9ZVeLkc2McFOzGN4UN0LLGXHw6Eb_pujXofblqi2HLDlpd6P10k14zpvHh-14YmE1dFLACGuNMYRrAWZjNYKBI8QDCiUnkAGpcEGLk0C4NqCYt8fY2JGXA:1ksHmz:sj2If0nQOfBozozAXOSVCZYXZB3aoJNRwZkMa0Rx4YE','2021-01-07 03:59:45.085437');
/*!40000 ALTER TABLE `django_session` ENABLE KEYS */;
UNLOCK TABLES;

--
-- Table structure for table `django_site`
--

DROP TABLE IF EXISTS `django_site`;
/*!40101 SET @saved_cs_client     = @@character_set_client */;
/*!50503 SET character_set_client = utf8mb4 */;
CREATE TABLE `django_site` (
  `id` int NOT NULL AUTO_INCREMENT,
  `domain` varchar(100) NOT NULL,
  `name` varchar(50) NOT NULL,
  PRIMARY KEY (`id`),
  UNIQUE KEY `django_site_domain_a2e37b91_uniq` (`domain`)
) ENGINE=InnoDB AUTO_INCREMENT=2 DEFAULT CHARSET=utf8mb4 COLLATE=utf8mb4_0900_ai_ci;
/*!40101 SET character_set_client = @saved_cs_client */;

--
-- Dumping data for table `django_site`
--

LOCK TABLES `django_site` WRITE;
/*!40000 ALTER TABLE `django_site` DISABLE KEYS */;
INSERT INTO `django_site` VALUES (1,'example.com','example.com');
/*!40000 ALTER TABLE `django_site` ENABLE KEYS */;
UNLOCK TABLES;

--
-- Table structure for table `movieist_search`
--

DROP TABLE IF EXISTS `movieist_search`;
/*!40101 SET @saved_cs_client     = @@character_set_client */;
/*!50503 SET character_set_client = utf8mb4 */;
CREATE TABLE `movieist_search` (
  `id` int NOT NULL AUTO_INCREMENT,
  `genres` varchar(20) NOT NULL,
  `image` varchar(200) NOT NULL,
  `title` varchar(100) NOT NULL,
  `userPic` varchar(100) NOT NULL,
  `userName` varchar(50) NOT NULL,
  `good` int NOT NULL,
  `bad` int NOT NULL,
  `commentTitle` varchar(40) NOT NULL,
  `comment` longtext NOT NULL,
  PRIMARY KEY (`id`)
) ENGINE=InnoDB DEFAULT CHARSET=utf8mb4 COLLATE=utf8mb4_0900_ai_ci;
/*!40101 SET character_set_client = @saved_cs_client */;

--
-- Dumping data for table `movieist_search`
--

LOCK TABLES `movieist_search` WRITE;
/*!40000 ALTER TABLE `movieist_search` DISABLE KEYS */;
/*!40000 ALTER TABLE `movieist_search` ENABLE KEYS */;
UNLOCK TABLES;

--
-- Table structure for table `socialaccount_socialaccount`
--

DROP TABLE IF EXISTS `socialaccount_socialaccount`;
/*!40101 SET @saved_cs_client     = @@character_set_client */;
/*!50503 SET character_set_client = utf8mb4 */;
CREATE TABLE `socialaccount_socialaccount` (
  `id` int NOT NULL AUTO_INCREMENT,
  `provider` varchar(30) NOT NULL,
  `uid` varchar(191) NOT NULL,
  `last_login` datetime(6) NOT NULL,
  `date_joined` datetime(6) NOT NULL,
  `extra_data` longtext NOT NULL,
  `user_id` int NOT NULL,
  PRIMARY KEY (`id`),
  UNIQUE KEY `socialaccount_socialaccount_provider_uid_fc810c6e_uniq` (`provider`,`uid`),
  KEY `socialaccount_socialaccount_user_id_8146e70c_fk_auth_user_id` (`user_id`),
  CONSTRAINT `socialaccount_socialaccount_user_id_8146e70c_fk_auth_user_id` FOREIGN KEY (`user_id`) REFERENCES `auth_user` (`id`)
) ENGINE=InnoDB DEFAULT CHARSET=utf8mb4 COLLATE=utf8mb4_0900_ai_ci;
/*!40101 SET character_set_client = @saved_cs_client */;

--
-- Dumping data for table `socialaccount_socialaccount`
--

LOCK TABLES `socialaccount_socialaccount` WRITE;
/*!40000 ALTER TABLE `socialaccount_socialaccount` DISABLE KEYS */;
/*!40000 ALTER TABLE `socialaccount_socialaccount` ENABLE KEYS */;
UNLOCK TABLES;

--
-- Table structure for table `socialaccount_socialapp`
--

DROP TABLE IF EXISTS `socialaccount_socialapp`;
/*!40101 SET @saved_cs_client     = @@character_set_client */;
/*!50503 SET character_set_client = utf8mb4 */;
CREATE TABLE `socialaccount_socialapp` (
  `id` int NOT NULL AUTO_INCREMENT,
  `provider` varchar(30) NOT NULL,
  `name` varchar(40) NOT NULL,
  `client_id` varchar(191) NOT NULL,
  `secret` varchar(191) NOT NULL,
  `key` varchar(191) NOT NULL,
  PRIMARY KEY (`id`)
) ENGINE=InnoDB DEFAULT CHARSET=utf8mb4 COLLATE=utf8mb4_0900_ai_ci;
/*!40101 SET character_set_client = @saved_cs_client */;

--
-- Dumping data for table `socialaccount_socialapp`
--

LOCK TABLES `socialaccount_socialapp` WRITE;
/*!40000 ALTER TABLE `socialaccount_socialapp` DISABLE KEYS */;
/*!40000 ALTER TABLE `socialaccount_socialapp` ENABLE KEYS */;
UNLOCK TABLES;

--
-- Table structure for table `socialaccount_socialapp_sites`
--

DROP TABLE IF EXISTS `socialaccount_socialapp_sites`;
/*!40101 SET @saved_cs_client     = @@character_set_client */;
/*!50503 SET character_set_client = utf8mb4 */;
CREATE TABLE `socialaccount_socialapp_sites` (
  `id` int NOT NULL AUTO_INCREMENT,
  `socialapp_id` int NOT NULL,
  `site_id` int NOT NULL,
  PRIMARY KEY (`id`),
  UNIQUE KEY `socialaccount_socialapp_sites_socialapp_id_site_id_71a9a768_uniq` (`socialapp_id`,`site_id`),
  KEY `socialaccount_socialapp_sites_site_id_2579dee5_fk_django_site_id` (`site_id`),
  CONSTRAINT `socialaccount_social_socialapp_id_97fb6e7d_fk_socialacc` FOREIGN KEY (`socialapp_id`) REFERENCES `socialaccount_socialapp` (`id`),
  CONSTRAINT `socialaccount_socialapp_sites_site_id_2579dee5_fk_django_site_id` FOREIGN KEY (`site_id`) REFERENCES `django_site` (`id`)
) ENGINE=InnoDB DEFAULT CHARSET=utf8mb4 COLLATE=utf8mb4_0900_ai_ci;
/*!40101 SET character_set_client = @saved_cs_client */;

--
-- Dumping data for table `socialaccount_socialapp_sites`
--

LOCK TABLES `socialaccount_socialapp_sites` WRITE;
/*!40000 ALTER TABLE `socialaccount_socialapp_sites` DISABLE KEYS */;
/*!40000 ALTER TABLE `socialaccount_socialapp_sites` ENABLE KEYS */;
UNLOCK TABLES;

--
-- Table structure for table `socialaccount_socialtoken`
--

DROP TABLE IF EXISTS `socialaccount_socialtoken`;
/*!40101 SET @saved_cs_client     = @@character_set_client */;
/*!50503 SET character_set_client = utf8mb4 */;
CREATE TABLE `socialaccount_socialtoken` (
  `id` int NOT NULL AUTO_INCREMENT,
  `token` longtext NOT NULL,
  `token_secret` longtext NOT NULL,
  `expires_at` datetime(6) DEFAULT NULL,
  `account_id` int NOT NULL,
  `app_id` int NOT NULL,
  PRIMARY KEY (`id`),
  UNIQUE KEY `socialaccount_socialtoken_app_id_account_id_fca4e0ac_uniq` (`app_id`,`account_id`),
  KEY `socialaccount_social_account_id_951f210e_fk_socialacc` (`account_id`),
  CONSTRAINT `socialaccount_social_account_id_951f210e_fk_socialacc` FOREIGN KEY (`account_id`) REFERENCES `socialaccount_socialaccount` (`id`),
  CONSTRAINT `socialaccount_social_app_id_636a42d7_fk_socialacc` FOREIGN KEY (`app_id`) REFERENCES `socialaccount_socialapp` (`id`)
) ENGINE=InnoDB DEFAULT CHARSET=utf8mb4 COLLATE=utf8mb4_0900_ai_ci;
/*!40101 SET character_set_client = @saved_cs_client */;

--
-- Dumping data for table `socialaccount_socialtoken`
--

LOCK TABLES `socialaccount_socialtoken` WRITE;
/*!40000 ALTER TABLE `socialaccount_socialtoken` DISABLE KEYS */;
/*!40000 ALTER TABLE `socialaccount_socialtoken` ENABLE KEYS */;
UNLOCK TABLES;
/*!40103 SET TIME_ZONE=@OLD_TIME_ZONE */;

/*!40101 SET SQL_MODE=@OLD_SQL_MODE */;
/*!40014 SET FOREIGN_KEY_CHECKS=@OLD_FOREIGN_KEY_CHECKS */;
/*!40014 SET UNIQUE_CHECKS=@OLD_UNIQUE_CHECKS */;
/*!40101 SET CHARACTER_SET_CLIENT=@OLD_CHARACTER_SET_CLIENT */;
/*!40101 SET CHARACTER_SET_RESULTS=@OLD_CHARACTER_SET_RESULTS */;
/*!40101 SET COLLATION_CONNECTION=@OLD_COLLATION_CONNECTION */;
/*!40111 SET SQL_NOTES=@OLD_SQL_NOTES */;

-- Dump completed on 2020-12-24 13:01:18
